1.8120000000000001,-0.93899999999999995,0.48099999999999998,-15.08,10.119999999999999,4.4199999999999999,2.4630000000000001,2.1349999999999998,-0.99399999999999999,17.0,23.219999999999999,21.879999999999999,0.193,0.41999999999999998,-0.043999999999999997,-17.640000000000001,12.65,-0.54000000000000004,-0.066000000000000003,0.17199999999999999,0.051999999999999998,-15.9,10.01,-25.719999999999999,0.0
-1.522,1.9219999999999999,1.5800000000000001,-36.380000000000003,1.4299999999999999,98.319999999999993,0.039,1.1140000000000001,-1.026,-42.640000000000001,15.960000000000001,122.61,0.77600000000000002,0.27200000000000002,-0.154,-29.059999999999999,-0.66000000000000003,86.739999999999995,-0.317,-0.316,0.10299999999999999,-9.5999999999999996,-6.0899999999999999,46.140000000000001,0.0
1.528,-1.276,1.0740000000000001,-30.649999999999999,7.7999999999999998,11.92,2.3969999999999998,2.3359999999999999,-0.879,-31.059999999999999,23.82,42.649999999999999,0.57599999999999996,0.91500000000000004,-0.28499999999999998,-26.719999999999999,10.220000000000001,19.07,-0.124,0.16700000000000001,0.027,-18.91,-0.20999999999999999,-11.49,0.0
1.986,-2.0249999999999999,1.0489999999999999,-31.510000000000002,12.91,-41.939999999999998,2.4809999999999999,0.67000000000000004,-0.85899999999999999,-33.289999999999999,25.98,-8.9299999999999997,-0.14499999999999999,0.20100000000000001,-0.114,-26.140000000000001,10.359999999999999,-42.380000000000003,0.081000000000000003,0.14199999999999999,0.115,-18.079999999999998,2.3199999999999998,-75.540000000000006,0.0
2.2610000000000001,-2.3170000000000002,0.25600000000000001,-26.170000000000002,13.470000000000001,-46.960000000000001,-0.79000000000000004,-0.23499999999999999,-0.436,-25.109999999999999,8.5099999999999998,-58.729999999999997,-0.159,-0.432,0.16800000000000001,-12.890000000000001,2.0800000000000001,-108.40000000000001,0.51200000000000001,0.497,0.017000000000000001,-8.2100000000000009,5.6500000000000004,-133.58000000000001,0.0
2.3029999999999999,-2.1459999999999999,-0.185,-13.029999999999999,16.969999999999999,-36.479999999999997,0.13500000000000001,0.17699999999999999,-0.068000000000000005,-12.720000000000001,14.08,-40.329999999999998,0.078,-0.36199999999999999,0.053999999999999999,-12.800000000000001,17.059999999999999,-77.599999999999994,0.28599999999999998,0.025000000000000001,-0.014,-13.91,18.870000000000001,-104.7,0.0
1.887,-0.96999999999999997,0.13800000000000001,-14.199999999999999,13.42,-82.640000000000001,1.8089999999999999,-0.53900000000000003,-0.11600000000000001,-6.3799999999999999,15.82,-27.280000000000001,-0.39700000000000002,-0.35999999999999999,-0.085000000000000006,-5.4699999999999998,14.59,-68.299999999999997,0.023,-0.35199999999999998,0.060999999999999999,-6.29,16.210000000000001,-116.31999999999999,0.0
1.871,-0.96499999999999997,0.223,-13.43,18.579999999999998,-79.799999999999997,1.2050000000000001,-0.51500000000000001,-0.25900000000000001,-6.7699999999999996,22.260000000000002,-35.149999999999999,-0.252,-0.25700000000000001,-0.068000000000000005,-4.7599999999999998,18.949999999999999,-67.989999999999995,0.24199999999999999,-0.10100000000000001,0.081000000000000003,-8.1799999999999997,21.059999999999999,-98.810000000000002,0.0
1.667,-1.0860000000000001,0.053999999999999999,-11.300000000000001,15.050000000000001,-73.260000000000005,1.008,-0.33100000000000002,0.001,-8.5500000000000007,16.280000000000001,-33.549999999999997,-0.38600000000000001,-0.35699999999999998,-0.036999999999999998,-4.4800000000000004,17.489999999999998,-71.260000000000005,0.27900000000000003,-0.16400000000000001,0.012,-7.0800000000000001,20.190000000000001,-107.36,0.0
2.4500000000000002,-2.3319999999999999,-0.31900000000000001,2.8999999999999999,19.219999999999999,-19.190000000000001,1.214,0.78600000000000003,-0.155,-0.94999999999999996,15.390000000000001,-15.539999999999999,-0.014,-0.28299999999999997,-0.065000000000000002,-6.04,15.52,-60.909999999999997,0.308,-0.23799999999999999,0.024,-9.4700000000000006,16.140000000000001,-96.109999999999999,0.0
2.0649999999999999,-1.454,0.052999999999999999,-8.1600000000000001,17.329999999999998,-72.230000000000004,2.125,0.17699999999999999,-0.14599999999999999,-3.6600000000000001,14.859999999999999,-4.46,0.114,0.377,0.029000000000000001,-1.29,13.35,-31.600000000000001,0.27700000000000002,-0.34599999999999997,0.02,-3.7400000000000002,17.57,-68.819999999999993,0.0
2.1659999999999999,-2.4180000000000001,0.16700000000000001,-15.19,17.210000000000001,-70.840000000000003,-1.147,-0.60399999999999998,-0.70699999999999996,-18.73,12.050000000000001,-66.959999999999994,-0.35599999999999998,-0.34699999999999998,0.056000000000000001,-15.67,5.2300000000000004,-105.86,0.19,0.17299999999999999,0.084000000000000005,-14.06,7.0899999999999999,-130.24000000000001,0.0
1.091,-1.8700000000000001,-0.224,-12.09,14.720000000000001,-59.159999999999997,-0.84999999999999998,-0.57699999999999996,-0.151,-9.8399999999999999,15.470000000000001,-84.450000000000003,0.014999999999999999,-0.105,0.068000000000000005,-8.25,16.530000000000001,-112.48,0.065000000000000002,0.062,-0.0040000000000000001,-9.9399999999999995,18.050000000000001,-134.38,0.0
1.5369999999999999,-0.79800000000000004,0.154,-10.01,16.52,-98.409999999999997,-0.38700000000000001,-0.81200000000000006,-0.28100000000000003,-11.07,12.529999999999999,-60.240000000000002,-0.38800000000000001,-0.248,-0.001,-8.0299999999999994,11.460000000000001,-86.340000000000003,0.051999999999999998,-0.085999999999999993,0.025999999999999999,-9.0199999999999996,14.460000000000001,-110.17,0.0
1.1970000000000001,0.748,0.21299999999999999,-11.43,16.489999999999998,-126.14,1.4650000000000001,-1.6220000000000001,-0.113,-2.8700000000000001,11.73,-47.270000000000003,-0.55900000000000005,0.071999999999999995,0.108,-1.6499999999999999,10.56,-58.609999999999999,-0.0089999999999999993,-0.245,0.042999999999999997,-3.3900000000000001,13.35,-86.730000000000004,0.0
2.9020000000000001,-2.9609999999999999,-0.36699999999999999,-3.4100000000000001,14.199999999999999,-49.469999999999999,0.51200000000000001,0.23899999999999999,-0.057000000000000002,-6.7599999999999998,10.27,-34.539999999999999,-0.22800000000000001,-0.33900000000000002,0.042000000000000003,-7.2800000000000002,10.84,-74.579999999999998,0.218,-0.17499999999999999,-0.0070000000000000001,-10.550000000000001,15.039999999999999,104.0,0.0
1.952,-2.4710000000000001,-0.36899999999999999,-9.6799999999999997,14.09,-51.789999999999999,-1.5149999999999999,-0.96199999999999997,-0.28699999999999998,-12.789999999999999,6.9100000000000001,-92.409999999999997,0.13500000000000001,0.021000000000000001,0.21199999999999999,-12.609999999999999,4.6799999999999997,-128.08000000000001,0.16300000000000001,0.23799999999999999,0.041000000000000002,-13.58,6.6500000000000004,-148.06999999999999,0.0
1.6359999999999999,-0.48599999999999999,0.29799999999999999,-19.449999999999999,18.23,-107.12,-0.25900000000000001,-1.444,-0.080000000000000002,-12.029999999999999,12.109999999999999,-62.850000000000001,-0.82699999999999996,-0.77600000000000002,-0.028000000000000001,-12.699999999999999,10.09,-108.54000000000001,0.16,0.158,0.035999999999999997,-13.52,11.279999999999999,-134.91999999999999,0.0
1.6080000000000001,-2.371,-0.20999999999999999,-11.84,15.130000000000001,-68.090000000000003,-1.395,-0.97499999999999998,-0.029999999999999999,-10.41,11.08,-88.959999999999994,0.108,-0.085000000000000006,0.070000000000000007,-11.58,14.24,-117.14,0.104,0.10000000000000001,-0.017000000000000001,-13.02,15.039999999999999,-134.15000000000001,0.0
2.077,-2.5880000000000001,-0.45300000000000001,-5.8799999999999999,12.0,-60.200000000000003,-0.68899999999999995,-0.26700000000000002,-0.076999999999999999,-5.5700000000000003,11.02,-60.75,-0.13200000000000001,-0.27800000000000002,0.01,-9.6400000000000006,15.029999999999999,-92.099999999999994,0.19,0.058000000000000003,-0.012999999999999999,-12.99,16.539999999999999,-113.34,0.0
1.3859999999999999,0.68500000000000005,0.19500000000000001,-16.899999999999999,14.56,-124.45,0.79100000000000004,-2.335,-0.32200000000000001,-16.890000000000001,11.130000000000001,-63.590000000000003,-0.78900000000000003,-0.59899999999999998,-0.010999999999999999,-14.25,7.0999999999999996,-88.549999999999997,-0.033000000000000002,-0.124,0.068000000000000005,-14.17,10.1,-120.26000000000001,0.0
-0.074999999999999997,-1.946,-0.27400000000000002,-11.16,14.789999999999999,-68.989999999999995,-0.69299999999999995,-0.61399999999999999,0.029000000000000001,-7.7999999999999998,10.02,-101.31,0.017000000000000001,-0.017999999999999999,0.111,-12.220000000000001,13.56,-132.43000000000001,0.16,0.249,-0.014,-12.82,14.5,-147.77000000000001,0.0
-2.5110000000000001,-2.7170000000000001,-0.372,-20.449999999999999,4.1200000000000001,-116.28,-0.33800000000000002,-0.39700000000000002,0.124,-13.43,-2.2599999999999998,-142.99000000000001,0.068000000000000005,0.122,0.050000000000000003,-13.460000000000001,2.8300000000000001,-165.37,0.122,0.111,-0.029000000000000001,-12.58,5.5999999999999996,176.91999999999999,0.0
-0.69599999999999995,1.478,0.28599999999999998,-22.719999999999999,8.0899999999999999,172.83000000000001,-2.6019999999999999,-2.2509999999999999,0.16200000000000001,-29.079999999999998,-3.1699999999999999,-143.33000000000001,-0.437,-1.0680000000000001,0.10000000000000001,-17.440000000000001,-10.140000000000001,-168.11000000000001,0.029000000000000001,0.14699999999999999,0.070000000000000007,-9.5800000000000001,-7.5,166.63,0.0
-2.1419999999999999,1.0209999999999999,0.85799999999999998,-22.420000000000002,-16.73,94.219999999999999,-0.80500000000000005,-0.088999999999999996,-0.32800000000000001,-38.119999999999997,-5.54,143.22999999999999,0.78800000000000003,-0.374,-0.050000000000000003,-26.010000000000002,-13.91,115.7,-0.23300000000000001,-0.252,0.113,-13.85,-9.8100000000000005,86.150000000000006,0.0
2.516,-0.214,0.47599999999999998,-22.84,10.44,14.34,0.70499999999999996,1.3640000000000001,-1.0389999999999999,-30.550000000000001,-0.46000000000000002,4.0199999999999996,-0.42999999999999999,0.23400000000000001,-0.029999999999999999,-20.309999999999999,-11.66,-20.780000000000001,0.11799999999999999,-0.012999999999999999,0.044999999999999998,-6.9800000000000004,-12.26,-52.039999999999999,0.0
2.0070000000000001,-1.7889999999999999,0.36899999999999999,-18.93,-1.01,-51.450000000000003,3.4620000000000002,-0.31900000000000001,-0.092999999999999999,-28.559999999999999,6.4400000000000004,-8.0099999999999998,0.13900000000000001,1.1240000000000001,-0.58499999999999996,-27.539999999999999,-1.0600000000000001,-18.989999999999998,-0.153,0.105,0.124,-18.390000000000001,-9.5,-58.729999999999997,0.0
3.2890000000000001,-2.879,-0.113,-16.449999999999999,23.050000000000001,-29.350000000000001,1.413,1.4379999999999999,-0.95399999999999996,-14.210000000000001,22.469999999999999,12.0,-0.02,-0.027,0.094,-15.460000000000001,13.26,-48.299999999999997,0.28299999999999997,-0.11899999999999999,0.098000000000000004,-15.77,13.09,-71.370000000000005,0.0
2.5169999999999999,-2.5259999999999998,-0.084000000000000005,-14.32,22.98,-45.880000000000003,-0.34799999999999998,0.071999999999999995,-0.70799999999999996,-18.780000000000001,19.690000000000001,-49.159999999999997,0.0080000000000000002,-0.057000000000000002,0.050000000000000003,-16.859999999999999,11.51,-75.049999999999997,0.22,-0.0060000000000000001,0.066000000000000003,-16.48,7.7199999999999998,-96.590000000000003,0.0
2.847,-2.3039999999999998,-0.372,-16.359999999999999,25.940000000000001,-30.800000000000001,0.070000000000000007,0.68700000000000006,-0.65900000000000003,-17.309999999999999,21.09,-32.149999999999999,0.0030000000000000001,-0.087999999999999995,0.059999999999999998,-17.460000000000001,12.109999999999999,-63.890000000000001,0.29299999999999998,-0.13700000000000001,0.088999999999999996,-15.01,8.0199999999999996,-86.010000000000005,0.0
1.8160000000000001,-0.87,0.46200000000000002,-22.699999999999999,8.9700000000000006,-85.689999999999998,1.7350000000000001,-0.79100000000000004,-0.81200000000000006,-21.190000000000001,26.140000000000001,-33.390000000000001,-0.55100000000000005,0.151,-0.314,-20.719999999999999,16.760000000000002,-58.530000000000001,0.23499999999999999,-0.151,0.161,-20.530000000000001,13.77,-83.5,0.0
2.036,-1.9770000000000001,0.35699999999999998,-19.879999999999999,18.289999999999999,-62.399999999999999,1.1759999999999999,0.377,-0.97299999999999998,-16.260000000000002,26.949999999999999,-24.239999999999998,-0.44500000000000001,0.21199999999999999,-0.23499999999999999,-16.300000000000001,17.289999999999999,-55.460000000000001,0.26400000000000001,-0.30299999999999999,0.104,-17.370000000000001,15.85,-85.560000000000002,0.0
2.0910000000000002,-2.0430000000000001,0.63900000000000001,-25.82,18.699999999999999,-64.180000000000007,1.157,0.73999999999999999,-0.77800000000000002,-9.9600000000000009,19.739999999999998,-19.239999999999998,-0.376,0.44,-0.20899999999999999,-11.16,15.59,-42.109999999999999,0.22700000000000001,-0.29099999999999998,0.073999999999999996,-11.84,14.970000000000001,-67.760000000000005,0.0
2.4140000000000001,-2.3479999999999999,0.27800000000000002,-26.460000000000001,28.23,-37.649999999999999,0.79200000000000004,0.96699999999999997,-0.65800000000000003,-18.300000000000001,24.48,-20.02,-0.0040000000000000001,-0.002,0.065000000000000002,-17.359999999999999,18.780000000000001,-45.799999999999997,0.23200000000000001,-0.17399999999999999,0.027,-17.57,17.239999999999998,-65.989999999999995,0.0
2.2189999999999999,-1.383,-0.113,-20.289999999999999,21.379999999999999,-27.699999999999999,-0.029999999999999999,0.79200000000000004,-0.49299999999999999,-13.529999999999999,17.23,-27.989999999999998,0.084000000000000005,-0.128,0.092999999999999999,-14.460000000000001,14.85,-55.159999999999997,0.245,-0.187,0.02,-15.869999999999999,14.720000000000001,-73.939999999999998,0.0
2.3679999999999999,-2.3769999999999998,0.73399999999999999,-25.870000000000001,18.170000000000002,-43.369999999999997,1.8440000000000001,1.23,-0.85799999999999998,-13.92,24.050000000000001,-7.1200000000000001,-0.16800000000000001,0.29199999999999998,-0.186,-12.9,15.19,-40.049999999999997,0.441,-0.503,0.158,-12.039999999999999,15.02,-71.480000000000004,0.0
2.0859999999999999,-2.0179999999999998,0.032000000000000001,-14.699999999999999,25.530000000000001,-30.969999999999999,0.53600000000000003,0.75800000000000001,-0.76400000000000001,-18.449999999999999,23.789999999999999,-23.620000000000001,-0.084000000000000005,0.087999999999999995,-0.001,-16.57,17.949999999999999,-39.229999999999997,0.106,-0.072999999999999995,0.053999999999999999,-15.789999999999999,14.640000000000001,-54.590000000000003,0.0
1.25,-0.61499999999999999,0.46500000000000002,-28.41,4.4699999999999998,-86.329999999999998,2.0489999999999999,-0.21099999999999999,-0.41599999999999998,-20.370000000000001,23.039999999999999,-19.219999999999999,-0.254,0.58599999999999997,-0.33200000000000002,-15.539999999999999,17.149999999999999,-31.02,0.17899999999999999,-0.18099999999999999,0.072999999999999995,-15.470000000000001,13.93,-54.960000000000001,0.0
1.4750000000000001,-1.0229999999999999,0.48399999999999999,-25.120000000000001,8.6300000000000008,-68.739999999999995,2.3140000000000001,0.21199999999999999,-0.75900000000000001,-19.940000000000001,24.440000000000001,-10.48,-0.092999999999999999,0.23499999999999999,-0.249,-17.010000000000002,9.4600000000000009,-39.649999999999999,0.34000000000000002,-0.22,0.17199999999999999,-16.52,6.9800000000000004,-65.269999999999996,0.0
1.1910000000000001,-0.45300000000000001,0.35199999999999998,-29.890000000000001,4.1799999999999997,-92.060000000000002,2.4849999999999999,-0.84799999999999998,-0.29899999999999999,-27.48,26.289999999999999,-19.920000000000002,-0.28199999999999997,0.59799999999999998,-0.54400000000000004,-23.41,18.309999999999999,-37.369999999999997,0.23499999999999999,-0.26900000000000002,0.129,-20.699999999999999,13.07,-66.519999999999996,0.0
1.5369999999999999,-1.2130000000000001,0.54700000000000004,-28.149999999999999,5.3799999999999999,-61.270000000000003,2.262,0.25,-0.54200000000000004,-24.579999999999998,26.52,-10.369999999999999,-0.26300000000000001,0.50600000000000001,-0.50600000000000001,-23.41,14.69,-36.520000000000003,0.36299999999999999,-0.27100000000000002,0.13400000000000001,-20.02,8.9499999999999993,-60.509999999999998,0.0
2.4420000000000002,-2.4430000000000001,0.38700000000000001,-22.73,22.239999999999998,-27.989999999999998,2.077,1.6080000000000001,-1.137,-16.739999999999998,27.350000000000001,1.3200000000000001,-0.010999999999999999,0.217,-0.025999999999999999,-14.56,14.94,-26.149999999999999,0.24299999999999999,-0.23599999999999999,0.122,-16.68,11.199999999999999,-52.640000000000001,0.0
1.377,-2.6339999999999999,0.55100000000000005,-34.890000000000001,-1.1000000000000001,-65.950000000000003,-1.806,-0.498,-0.79600000000000004,-29.690000000000001,-8.6400000000000006,-83.280000000000001,0.40000000000000002,0.29299999999999998,0.17299999999999999,-12.41,-13.119999999999999,-120.75,0.53100000000000003,0.61599999999999999,-0.036999999999999998,-4.04,-8.9100000000000001,-141.59999999999999,0.0
0.22700000000000001,0.95199999999999996,1.242,-28.719999999999999,-24.989999999999998,-147.66,-2.794,-2.8069999999999999,-0.56499999999999995,-45.409999999999997,-9.7599999999999998,-112.8,-0.017999999999999999,-0.30099999999999999,-0.073999999999999996,-20.57,-22.5,-151.46000000000001,0.129,0.78900000000000003,-0.096000000000000002,-2.9199999999999999,-12.869999999999999,178.34999999999999,0.0
-0.52700000000000002,1.28,0.59999999999999998,-23.440000000000001,-3.4900000000000002,167.94,-2.4870000000000001,-2.3580000000000001,-0.22900000000000001,-29.579999999999998,9.3900000000000006,-137.08000000000001,-0.63300000000000001,-1.4410000000000001,-0.48299999999999998,-22.460000000000001,-5.6100000000000003,-165.28,-0.14499999999999999,0.46200000000000002,0.17699999999999999,-13.359999999999999,-5.6600000000000001,162.56999999999999,0.0
-2.2410000000000001,2.3300000000000001,0.92000000000000004,-22.329999999999998,-13.09,142.53,-1.589,-1.8320000000000001,-0.66900000000000004,-33.340000000000003,0.95999999999999996,173.53,0.53100000000000003,-0.61699999999999999,-0.30499999999999999,-21.210000000000001,-8.3000000000000007,142.11000000000001,-0.41099999999999998,0.082000000000000003,0.064000000000000001,-12.539999999999999,-5.8899999999999997,113.03,0.0
-2.7210000000000001,2.7589999999999999,0.59399999999999997,-20.100000000000001,8.8900000000000006,154.97999999999999,-2.4199999999999999,-1.8220000000000001,-1.087,-15.970000000000001,17.920000000000002,-169.72,0.052999999999999999,-0.57699999999999996,-0.17299999999999999,-15.23,8.7200000000000006,152.81999999999999,-0.435,0.374,0.16,-17.550000000000001,9.8599999999999994,124.12,0.0
-2.625,2.081,0.113,-25.02,21.940000000000001,156.00999999999999,0.65700000000000003,-0.79400000000000004,-0.77700000000000002,-23.719999999999999,11.710000000000001,137.05000000000001,-0.375,0.27400000000000002,0.14000000000000001,-23.879999999999999,9.3399999999999999,112.69,-0.253,0.047,0.058000000000000003,-21.850000000000001,9.0299999999999994,99.560000000000002,0.0
-1.448,0.98299999999999998,0.54900000000000004,-27.43,15.51,121.38,-2.431,-0.20499999999999999,-0.66800000000000004,-21.199999999999999,27.600000000000001,173.69,0.161,-0.53900000000000003,-0.22800000000000001,-18.210000000000001,17.84,153.97999999999999,-0.17699999999999999,0.16600000000000001,0.14599999999999999,-20.329999999999998,15.18,131.81,0.0
-1.9970000000000001,1.5549999999999999,0.83099999999999996,-27.579999999999998,-11.289999999999999,99.510000000000005,-1.087,0.69999999999999996,-0.98199999999999998,-31.48,16.690000000000001,138.86000000000001,0.89200000000000002,-0.307,-0.55400000000000005,-26.800000000000001,0.25,108.90000000000001,-0.39100000000000001,-0.26600000000000001,0.14599999999999999,-18.989999999999998,-4.4299999999999997,80.400000000000006,0.0
2.3900000000000001,2.52,-0.42199999999999999,-33.25,4.1699999999999999,67.900000000000006,-0.076999999999999999,-0.078,0.11899999999999999,-17.489999999999998,-6.2000000000000002,45.359999999999999,-0.34599999999999997,-0.41999999999999998,0.029000000000000001,-13.15,-4.6100000000000003,28.399999999999999,-0.20999999999999999,-0.30399999999999999,-0.032000000000000001,-11.48,-2.6299999999999999,16.579999999999998,0.0
1.778,2.4169999999999998,-0.61699999999999999,-27.550000000000001,13.98,70.159999999999997,0.47199999999999998,0.46999999999999997,0.032000000000000001,-13.31,3.3900000000000001,42.969999999999999,-0.23400000000000001,-0.39400000000000002,0.042000000000000003,-14.68,4.3899999999999997,28.41,-0.062,-0.155,0.02,-13.640000000000001,5.4299999999999997,19.280000000000001,0.0
0.059999999999999998,2.633,-0.85399999999999998,-20.300000000000001,25.43,103.84999999999999,0.72099999999999997,0.71699999999999997,-0.20799999999999999,-15.380000000000001,13.44,68.849999999999994,-0.23899999999999999,-0.23300000000000001,0.10199999999999999,-18.969999999999999,14.35,45.549999999999997,-0.076999999999999999,-0.153,0.012,-18.539999999999999,12.960000000000001,30.140000000000001,0.0
0.435,2.0,-0.86699999999999999,-24.859999999999999,26.050000000000001,105.17,0.46600000000000003,0.502,-0.112,-18.890000000000001,14.75,71.329999999999998,-0.23200000000000001,-0.184,0.085000000000000006,-20.629999999999999,11.67,49.399999999999999,-0.095000000000000001,-0.13200000000000001,0.057000000000000002,-21.02,10.74,36.060000000000002,0.0
1.625,1.9890000000000001,-0.34699999999999998,-28.09,17.489999999999998,69.209999999999994,0.27000000000000002,0.20999999999999999,-0.105,-20.890000000000001,10.66,56.43,-0.20399999999999999,-0.19400000000000001,0.029999999999999999,20.0,8.6300000000000008,46.780000000000001,-0.068000000000000005,-0.083000000000000004,0.021000000000000001,-19.890000000000001,7.6299999999999999,38.560000000000002,0.0
2.306,2.524,-1.0229999999999999,-33.079999999999998,0.73999999999999999,36.259999999999998,-0.251,-0.246,0.13500000000000001,-21.170000000000002,-7.5800000000000001,13.890000000000001,-0.20499999999999999,-0.34699999999999998,0.025999999999999999,-16.510000000000002,-8.0800000000000001,-1.0700000000000001,-0.16500000000000001,-0.18099999999999999,-0.010999999999999999,-14.07,-7.0199999999999996,-10.41,0.0
1.212,1.962,-0.186,-26.07,19.949999999999999,56.32,1.111,1.4490000000000001,-0.46200000000000002,-23.16,6.21,25.899999999999999,-0.017000000000000001,-0.56899999999999995,0.17599999999999999,-15.5,2.3300000000000001,4.3899999999999997,0.082000000000000003,-0.27400000000000002,0.045999999999999999,-13.130000000000001,1.72,-10.119999999999999,0.0
0.125,1.341,0.017000000000000001,-22.539999999999999,19.190000000000001,58.82,1.8919999999999999,2.028,-0.82199999999999995,-23.030000000000001,11.380000000000001,38.210000000000001,0.039,-0.44500000000000001,0.23300000000000001,-17.949999999999999,4.96,12.779999999999999,0.040000000000000001,-0.25700000000000001,0.010999999999999999,-17.739999999999998,3.5600000000000001,-3.0899999999999999,0.0
0.54400000000000004,-1.9019999999999999,-0.024,0.33000000000000002,26.559999999999999,-72.329999999999998,1.421,-0.84099999999999997,-0.55500000000000005,-2.7200000000000002,23.73,-61.969999999999999,0.108,-0.115,0.037999999999999999,-6.5499999999999998,19.57,-46.240000000000002,0.099000000000000005,-0.060999999999999999,0.106,-8.5199999999999996,18.739999999999998,-36.479999999999997,1.0
1.6890000000000001,-2.202,-0.087999999999999995,-0.60999999999999999,26.73,-55.369999999999997,0.83399999999999996,-0.878,-0.53500000000000003,-7.8200000000000003,21.25,-43.509999999999998,0.088999999999999996,-0.041000000000000002,0.13100000000000001,-8.1899999999999995,16.460000000000001,-26.870000000000001,0.074999999999999997,-0.012,0.065000000000000002,-10.970000000000001,14.970000000000001,-18.949999999999999,1.0
-0.433,-2.1190000000000002,0.072999999999999995,-22.719999999999999,35.630000000000003,-69.620000000000005,2.7120000000000002,-1.8759999999999999,-1.419,-7.7699999999999996,39.590000000000003,-70.849999999999994,0.45800000000000002,-0.56000000000000005,-0.47699999999999998,-13.119999999999999,20.989999999999998,-38.670000000000002,0.54000000000000004,0.012,0.44900000000000001,-19.359999999999999,10.15,3.5899999999999999,1.0
2.1240000000000001,-2.6819999999999999,0.151,-8.6600000000000001,27.949999999999999,-53.350000000000001,1.2230000000000001,-2.0150000000000001,-1.038,-8.1300000000000008,14.44,-27.640000000000001,0.54000000000000004,0.17899999999999999,0.52300000000000002,-25.109999999999999,-0.45000000000000001,19.690000000000001,0.72899999999999998,0.76900000000000002,0.070999999999999994,-37.140000000000001,0.92000000000000004,37.219999999999999,1.0
0.025999999999999999,-3.4729999999999999,0.029999999999999999,-36.229999999999997,33.259999999999998,-87.859999999999999,1.958,-0.99299999999999999,-1.117,-23.5,47.530000000000001,-67.340000000000003,0.435,-0.69399999999999995,-0.16900000000000001,-21.59,22.390000000000001,-14.699999999999999,0.66700000000000004,0.47399999999999998,0.50600000000000001,26.0,12.050000000000001,31.780000000000001,1.0
1.1890000000000001,1.107,0.32700000000000001,-11.32,20.41,21.539999999999999,2.6110000000000002,-3.1379999999999999,-0.59599999999999997,-20.559999999999999,40.439999999999998,-59.579999999999998,0.61899999999999999,-1.1459999999999999,-0.97499999999999998,-10.01,33.18,-29.140000000000001,0.35199999999999998,-0.16300000000000001,0.17599999999999999,-10.859999999999999,15.789999999999999,9.6600000000000001,1.0
1.145,0.86699999999999999,-0.082000000000000003,-27.109999999999999,31.190000000000001,22.0,3.1070000000000002,-3.0779999999999998,-0.83799999999999997,-16.600000000000001,40.030000000000001,-54.479999999999997,0.29499999999999998,-0.379,-0.48499999999999999,-16.469999999999999,33.890000000000001,-38.340000000000003,0.26600000000000001,-0.13500000000000001,0.126,-10.9,27.809999999999999,-13.51,1.0
0.84799999999999998,0.998,0.36299999999999999,-15.699999999999999,25.34,-6.3600000000000003,2.2549999999999999,-2.8330000000000002,-0.66600000000000004,-22.420000000000002,36.270000000000003,-64.859999999999999,0.74199999999999999,-1.133,-0.73099999999999998,-18.920000000000002,19.789999999999999,-23.07,0.55100000000000005,0.371,0.45500000000000002,-21.579999999999998,9.3000000000000007,18.559999999999999,1.0
1.76,1.9830000000000001,0.33400000000000002,1.28,47.390000000000001,67.560000000000002,0.23400000000000001,-0.72899999999999998,-2.1850000000000001,-9.8300000000000001,61.399999999999999,35.140000000000001,-0.38100000000000001,-0.094,-0.44900000000000001,-1.3600000000000001,42.960000000000001,62.340000000000003,-0.38800000000000001,0.29699999999999999,0.10100000000000001,2.5600000000000001,32.039999999999999,82.150000000000006,1.0
1.7430000000000001,2.4289999999999998,-0.099000000000000005,-16.739999999999998,37.609999999999999,82.170000000000002,-1.2250000000000001,-0.031,-1.357,-14.48,42.090000000000003,55.130000000000003,-0.62,0.122,-0.42499999999999999,-6.4199999999999999,28.109999999999999,81.849999999999994,-0.075999999999999998,0.36599999999999999,0.17000000000000001,-4.6299999999999999,22.710000000000001,100.45999999999999,1.0
2.48,3.0470000000000002,-0.10199999999999999,-18.449999999999999,38.420000000000002,65.829999999999998,-1.9550000000000001,-0.22600000000000001,-1.3140000000000001,-13.48,40.770000000000003,60.359999999999999,-0.27300000000000002,0.29199999999999998,-0.193,-6.9199999999999999,26.190000000000001,88.659999999999997,0.040000000000000001,0.123,0.16,-8.2599999999999998,20.550000000000001,102.64,1.0
1.2390000000000001,1.3260000000000001,0.129,-22.789999999999999,29.440000000000001,94.730000000000004,-0.66100000000000003,0.40899999999999997,-0.63,-13.92,39.799999999999997,54.909999999999997,-0.80500000000000005,-0.13700000000000001,-0.58899999999999997,-14.41,29.32,79.859999999999999,0.041000000000000002,0.24199999999999999,0.16500000000000001,-15.85,23.960000000000001,95.239999999999995,1.0
1.1140000000000001,1.7250000000000001,-0.438,-9.7899999999999991,40.43,51.759999999999998,-1.5129999999999999,-0.61599999999999999,-0.65300000000000002,-17.609999999999999,31.629999999999999,66.030000000000001,-0.070000000000000007,0.29799999999999999,0.16300000000000001,-17.510000000000002,23.93,89.359999999999999,0.012999999999999999,0.13400000000000001,0.10299999999999999,-18.82,19.48,105.01000000000001,1.0
2.3679999999999999,3.0489999999999999,-0.224,-21.170000000000002,37.640000000000001,64.739999999999995,-1.0449999999999999,-0.46700000000000003,-0.88,-9.4900000000000002,35.509999999999998,50.109999999999999,-0.41899999999999998,0.158,-0.311,-12.800000000000001,24.68,75.939999999999998,0.066000000000000003,0.22500000000000001,0.24399999999999999,-10.6,20.07,97.659999999999997,1.0
2.1840000000000002,2.2519999999999998,-0.010999999999999999,-30.399999999999999,29.559999999999999,68.370000000000005,-0.98599999999999999,0.17299999999999999,-0.874,-15.42,34.07,56.68,-0.36399999999999999,0.094,-0.125,-17.489999999999998,25.649999999999999,78.939999999999998,0.076999999999999999,0.154,0.14499999999999999,-19.07,20.690000000000001,94.840000000000003,1.0
-2.7040000000000002,3.4860000000000002,-1.8720000000000001,21.109999999999999,38.090000000000003,117.98,-1.087,1.04,-1.778,19.25,15.16,133.09,-0.085999999999999993,0.33800000000000002,0.017999999999999999,7.8700000000000001,-4.46,150.16999999999999,0.27000000000000002,0.17399999999999999,0.050000000000000003,-1.99,-12.74,167.53999999999999,1.0
-2.3580000000000001,2.6349999999999998,-0.81699999999999995,3.0499999999999998,15.01,149.18000000000001,-0.050999999999999997,0.34200000000000003,-0.14799999999999999,-7.1299999999999999,10.210000000000001,161.97,0.017000000000000001,0.017000000000000001,0.126,-12.81,7.0199999999999996,170.16999999999999,0.10100000000000001,0.13400000000000001,0.021000000000000001,-15.470000000000001,4.7400000000000002,-179.06,1.0
-0.40699999999999997,2.1509999999999998,0.027,-21.52,33.229999999999997,112.90000000000001,-1.9550000000000001,2.0489999999999999,-0.91700000000000004,-15.359999999999999,22.469999999999999,137.24000000000001,-0.20999999999999999,0.097000000000000003,0.192,-16.34,15.859999999999999,159.03,-0.040000000000000001,-0.053999999999999999,0.053999999999999999,-18.190000000000001,12.84,168.43000000000001,1.0
-2.4180000000000001,2.6230000000000002,-0.70699999999999996,-15.960000000000001,41.630000000000003,115.87,-0.64200000000000002,0.61899999999999999,-0.47999999999999998,-18.25,27.850000000000001,134.06,-0.121,0.094,0.186,-15.32,19.620000000000001,154.65000000000001,-0.076999999999999999,-0.012,0.058999999999999997,-16.739999999999998,16.43,167.44999999999999,1.0
-1.2929999999999999,2.4900000000000002,-0.002,-6.79,37.130000000000003,119.17,-1.5640000000000001,1.718,-1.1180000000000001,-7.9000000000000004,19.850000000000001,140.0,0.0080000000000000002,0.222,0.14499999999999999,-12.33,7.4400000000000004,162.25999999999999,0.124,0.025999999999999999,0.068000000000000005,-16.41,3.5,178.41,1.0
-2.5459999999999998,2.5859999999999999,-1.0680000000000001,6.0,44.57,129.40000000000001,-0.49399999999999999,0.89500000000000002,-0.89900000000000002,-9.7300000000000004,29.829999999999998,147.28999999999999,-0.106,0.095000000000000001,0.26700000000000002,-17.359999999999999,16.469999999999999,171.66999999999999,-0.13200000000000001,-0.126,0.17000000000000001,-23.43,13.789999999999999,-170.96000000000001,1.0
-1.5129999999999999,1.9550000000000001,0.17699999999999999,-10.52,34.43,128.13,-1.385,1.7090000000000001,-0.58499999999999996,-15.460000000000001,22.399999999999999,144.41999999999999,-0.12,0.090999999999999998,0.13900000000000001,-16.219999999999999,16.16,161.16999999999999,-0.080000000000000002,0.113,0.035999999999999997,-18.489999999999998,15.01,175.56999999999999,1.0
-1.014,2.7930000000000001,-0.086999999999999994,-20.350000000000001,36.619999999999997,107.67,-1.6850000000000001,1.7649999999999999,-0.72199999999999998,-14.789999999999999,30.289999999999999,137.11000000000001,-0.19400000000000001,-0.025999999999999999,0.123,-12.73,24.100000000000001,158.50999999999999,-0.072999999999999995,-0.010999999999999999,0.064000000000000001,-13.25,18.870000000000001,170.86000000000001,1.0
-1.161,-0.94699999999999995,0.20300000000000001,-18.059999999999999,19.02,-152.88,-2.5920000000000001,2.6360000000000001,-0.47799999999999998,-5.0099999999999998,25.399999999999999,144.75,-0.216,1.0469999999999999,-0.49399999999999999,-11.59,17.48,168.06999999999999,-0.27200000000000002,-0.096000000000000002,0.216,-16.34,14.220000000000001,-175.44,1.0
-1.181,2.5259999999999998,-0.55000000000000004,-31.25,43.670000000000002,114.08,-1.661,2.0640000000000001,-1.2410000000000001,-16.43,30.66,143.62,-0.191,0.071999999999999995,0.17599999999999999,-15.68,21.870000000000001,162.66999999999999,-0.099000000000000005,0.02,0.047,-16.07,16.899999999999999,172.43000000000001,1.0
-1.0920000000000001,1.45,-0.16500000000000001,-20.579999999999998,38.079999999999998,128.94,-1.03,2.0859999999999999,-0.76400000000000001,-16.75,23.98,169.12,-0.312,-0.309,0.29799999999999999,-19.559999999999999,14.02,-166.47999999999999,-0.001,-0.0040000000000000001,0.083000000000000004,-19.66,10.380000000000001,-152.80000000000001,1.0
-0.40000000000000002,2.2759999999999998,-0.36799999999999999,-35.600000000000001,44.520000000000003,115.28,-2.1819999999999999,2.847,-1.2869999999999999,-17.940000000000001,34.409999999999997,149.41999999999999,-0.23899999999999999,0.060999999999999999,0.17000000000000001,-14.529999999999999,23.91,176.63,-0.14799999999999999,-0.11700000000000001,0.11700000000000001,-15.42,19.079999999999998,-171.36000000000001,1.0
-2.609,-1.7350000000000001,-0.76000000000000001,-19.260000000000002,56.210000000000001,-165.38999999999999,-0.83299999999999996,2.4950000000000001,-2.6230000000000002,-2.9900000000000002,61.369999999999997,-171.88,0.032000000000000001,0.217,-0.32300000000000001,3.5899999999999999,35.759999999999998,-142.86000000000001,0.123,0.019,0.070000000000000007,3.1400000000000001,23.27,-128.36000000000001,1.0
-0.57899999999999996,-1.8440000000000001,0.501,12.83,31.16,-107.04000000000001,0.747,-0.97899999999999998,-2.8380000000000001,35.079999999999998,28.530000000000001,-116.75,0.75,0.32200000000000001,-0.67600000000000005,18.609999999999999,0.22,-108.8,0.441,0.45000000000000001,0.023,8.4900000000000002,-13.84,-94.200000000000003,1.0
-0.436,-0.050999999999999997,1.4079999999999999,-4.0999999999999996,-10.66,-57.439999999999998,3.1320000000000001,-2.9630000000000001,-1.7529999999999999,27.670000000000002,-5.25,-63.140000000000001,0.52100000000000002,-0.42599999999999999,-0.876,11.75,-28.170000000000002,-48.560000000000002,-0.68700000000000006,0.252,-0.20799999999999999,-9.2599999999999998,-37.299999999999997,-26.84,1.0
2.863,-2.5489999999999999,-1.397,8.2200000000000006,12.93,-57.420000000000002,0.20899999999999999,-0.36199999999999999,-0.157,-4.3200000000000003,-1.8999999999999999,-36.439999999999998,-0.24299999999999999,0.13500000000000001,0.13200000000000001,-13.640000000000001,-7.0800000000000001,-19.399999999999999,-0.25,0.082000000000000003,0.032000000000000001,-20.559999999999999,-7.1799999999999997,-2.9900000000000002,1.0
1.0860000000000001,-2.1469999999999998,-0.076999999999999999,-11.710000000000001,29.550000000000001,-62.509999999999998,1.768,-1.7509999999999999,-1.1479999999999999,-8.9800000000000004,16.850000000000001,-45.32,0.115,-0.11799999999999999,0.14299999999999999,-12.94,8.3699999999999992,-25.109999999999999,-0.014,0.023,0.10100000000000001,-15.25,5.2599999999999998,-9.25,1.0
2.3759999999999999,-2.1800000000000002,-0.69499999999999995,-5.1500000000000004,35.640000000000001,-60.009999999999998,0.57899999999999996,-0.74099999999999999,-0.46300000000000002,-12.279999999999999,19.0,-35.659999999999997,0.086999999999999994,0.035999999999999997,0.247,-15.42,14.09,-23.27,-0.001,-0.082000000000000003,0.035999999999999997,-17.59,10.77,-9.6300000000000008,1.0
1.452,-2.5880000000000001,-0.59299999999999997,-8.6300000000000008,36.520000000000003,-81.359999999999999,1.137,-0.83299999999999996,-0.71699999999999997,-9.3499999999999996,25.539999999999999,57.0,0.17699999999999999,-0.13,0.21299999999999999,-8.7100000000000009,18.649999999999999,-33.159999999999997,0.113,-0.041000000000000002,0.055,-11.23,14.32,-18.43,1.0
1.9910000000000001,-1.895,-2.7909999999999999,16.620000000000001,56.329999999999998,-9.5,-0.048000000000000001,-0.78900000000000003,-0.85199999999999998,12.630000000000001,39.780000000000001,5.7699999999999996,0.031,-0.44800000000000001,-0.047,10.42,24.789999999999999,19.109999999999999,-0.14099999999999999,-0.314,-0.021000000000000001,4.4100000000000001,15.08,30.170000000000002,1.0
2.1739999999999999,-0.47699999999999998,-0.21099999999999999,-4.6699999999999999,37.899999999999999,-13.09,0.0070000000000000001,-1.776,-1.0700000000000001,-1.1200000000000001,24.59,7.8899999999999997,0.14399999999999999,-0.024,0.125,-5.7000000000000002,17.899999999999999,19.690000000000001,-0.041000000000000002,-0.128,0.039,-9.1899999999999995,13.98,28.379999999999999,1.0
2.4470000000000001,2.1139999999999999,-0.67700000000000005,-12.85,50.649999999999999,35.609999999999999,-0.36899999999999999,-1.591,-1.883,4.6399999999999997,46.469999999999999,31.73,-0.14099999999999999,-0.027,-0.217,6.54,31.120000000000001,50.710000000000001,-0.021999999999999999,0.16500000000000001,0.048000000000000001,3.4500000000000002,23.66,62.18,1.0
1.915,-0.055,-0.89800000000000002,-9.7300000000000004,37.68,22.420000000000002,-0.77500000000000002,-0.68500000000000005,-0.69799999999999995,-8.6600000000000001,26.030000000000001,47.479999999999997,0.084000000000000005,0.189,0.11700000000000001,-8.1999999999999993,19.140000000000001,60.0,-0.14199999999999999,0.0080000000000000002,0.0080000000000000002,-10.26,14.140000000000001,71.200000000000003,1.0
1.3660000000000001,1.282,0.18099999999999999,-23.010000000000002,14.0,58.340000000000003,1.0529999999999999,-0.90500000000000003,-1.016,-13.140000000000001,34.259999999999998,23.370000000000001,-0.41199999999999998,-0.28699999999999998,-0.35299999999999998,-12.17,22.670000000000002,51.109999999999999,0.076999999999999999,0.13800000000000001,0.155,13.0,15.19,67.849999999999994,1.0
1.3049999999999999,2.6240000000000001,-0.84499999999999997,-11.23,47.479999999999997,79.430000000000007,-2.0600000000000001,0.29499999999999998,-1.052,-7.9000000000000004,41.18,85.560000000000002,-0.312,0.34899999999999998,-0.021999999999999999,-5.7300000000000004,33.700000000000003,97.939999999999998,-0.24399999999999999,0.32200000000000001,-0.0070000000000000001,-6.4000000000000004,30.550000000000001,105.03,1.0
-0.998,1.9770000000000001,-1.22,-9.3900000000000006,57.640000000000001,121.64,-1.4410000000000001,1.5740000000000001,-1.72,6.0199999999999996,45.560000000000002,138.11000000000001,-0.45200000000000001,0.50600000000000001,-0.11799999999999999,1.1499999999999999,31.039999999999999,152.06999999999999,-0.28000000000000003,0.34300000000000003,0.033000000000000002,-2.0099999999999998,23.489999999999998,162.59999999999999,1.0
-1.5669999999999999,2.1989999999999998,-0.82299999999999995,-10.32,42.619999999999997,122.8,-1.159,1.1379999999999999,-0.82399999999999995,-7.3600000000000003,32.909999999999997,134.38,-0.26900000000000002,0.28399999999999997,0.043999999999999997,-6.7699999999999996,25.359999999999999,147.03,-0.17899999999999999,0.22500000000000001,0.028000000000000001,-8.3200000000000003,20.739999999999998,157.05000000000001,1.0
-1.7350000000000001,2.1960000000000002,-0.54900000000000004,-11.859999999999999,35.759999999999998,124.79000000000001,1.0,1.008,-0.71899999999999997,-9.4700000000000006,31.440000000000001,135.21000000000001,-0.16300000000000001,0.20200000000000001,-0.025999999999999999,-9.5999999999999996,23.93,148.31999999999999,-0.112,0.087999999999999995,0.070000000000000007,-11.279999999999999,20.16,158.36000000000001,1.0
-2.4430000000000001,2.129,-0.85799999999999998,-10.93,33.130000000000003,123.8,-0.26300000000000001,0.28899999999999998,-0.16,-11.050000000000001,25.440000000000001,138.06,-0.14999999999999999,0.13800000000000001,0.083000000000000004,-11.119999999999999,21.399999999999999,149.75,-0.10000000000000001,0.085999999999999993,0.042000000000000003,-12.68,18.949999999999999,160.25999999999999,1.0
-2.5510000000000002,0.65000000000000002,-0.90300000000000002,2.1000000000000001,54.350000000000001,159.58000000000001,-0.83599999999999997,2.1230000000000002,-1.5780000000000001,9.2200000000000006,40.969999999999999,170.52000000000001,-0.17000000000000001,0.40400000000000003,-0.154,6.6299999999999999,29.940000000000001,-177.34,-0.056000000000000001,0.314,0.01,3.9900000000000002,21.440000000000001,-167.31,1.0
-0.76600000000000001,-0.79900000000000004,0.876,-7.3799999999999999,-0.35999999999999999,-158.56999999999999,-0.99099999999999999,1.7210000000000001,-0.97899999999999998,18.460000000000001,-2.5,-168.49000000000001,0.48099999999999998,0.61299999999999999,-0.65600000000000003,7.1699999999999999,-12.02,-163.50999999999999,0.67700000000000005,0.52500000000000002,-0.16500000000000001,-0.98999999999999999,-19.5,-157.02000000000001,1.0
-2.4079999999999999,1.153,-0.040000000000000001,-0.63,23.399999999999999,160.59999999999999,-0.435,1.667,-1.012,-0.28999999999999998,12.41,177.69,0.099000000000000005,0.079000000000000001,0.125,-2.2400000000000002,6.7000000000000002,-172.11000000000001,0.184,0.25600000000000001,-0.027,-5.9100000000000001,3.0299999999999998,-164.03,1.0
-1.726,0.751,-1.3520000000000001,-11.199999999999999,34.990000000000002,-161.38,0.42399999999999999,0.69099999999999995,-0.48899999999999999,-11.84,26.350000000000001,-148.63,0.073999999999999996,0.073999999999999996,0.028000000000000001,-9.0099999999999998,19.899999999999999,-135.00999999999999,0.104,0.017000000000000001,0.028000000000000001,-10.31,15.4,-122.51000000000001,1.0
-0.79700000000000004,-2.4769999999999999,-1.8109999999999999,-1.3600000000000001,54.869999999999997,-113.09999999999999,1.3029999999999999,0.032000000000000001,-1.4370000000000001,3.71,45.090000000000003,-97.019999999999996,0.58899999999999997,-0.42399999999999999,-0.108,8.8699999999999992,33.159999999999997,-80.540000000000006,0.53500000000000003,-0.39900000000000002,-0.071999999999999995,8.0099999999999998,24.370000000000001,-65.950000000000003,1.0
1.4750000000000001,-1.3049999999999999,-1.0660000000000001,-9.8300000000000001,45.109999999999999,-101.59,0.49099999999999999,-0.023,-0.45700000000000002,-8.0199999999999996,34.159999999999997,-89.790000000000006,0.26100000000000001,-0.219,0.057000000000000002,-6.6299999999999999,28.25,-80.049999999999997,0.26000000000000001,-0.14599999999999999,-0.014999999999999999,-6.9199999999999999,23.48,-69.079999999999998,1.0
1.839,-2.4369999999999998,-1.0129999999999999,4.5700000000000003,37.189999999999998,-57.030000000000001,1.095,-0.89600000000000002,-0.85899999999999999,-0.79000000000000004,31.789999999999999,-52.649999999999999,0.42299999999999999,-0.42799999999999999,-0.014,-0.39000000000000001,27.539999999999999,-43.359999999999999,0.315,-0.42799999999999999,-0.114,0.93000000000000005,19.789999999999999,-30.789999999999999,1.0
2.2200000000000002,-2.5419999999999998,-0.84899999999999998,-11.529999999999999,32.25,-65.560000000000002,0.57999999999999996,-0.44,-0.434,-12.09,27.899999999999999,-54.909999999999997,0.249,-0.25600000000000001,0.0040000000000000001,-8.4499999999999993,22.949999999999999,-41.729999999999997,0.185,-0.26400000000000001,-0.0060000000000000001,-8.9900000000000002,18.149999999999999,-27.41,1.0
1.0820000000000001,-2.718,-0.40699999999999997,-23.629999999999999,33.159999999999997,-73.180000000000007,1.276,-0.96899999999999997,-0.85399999999999998,-16.620000000000001,32.009999999999998,-55.219999999999999,0.17999999999999999,-0.19800000000000001,-0.02,-13.039999999999999,23.789999999999999,-40.390000000000001,0.151,-0.28000000000000003,-0.0080000000000000002,-11.9,17.73,-20.579999999999998,1.0
2.2450000000000001,0.047,-0.76900000000000002,-10.449999999999999,53.140000000000001,-15.43,1.673,-2.4950000000000001,-1.3029999999999999,-4.4299999999999997,46.799999999999997,-21.73,0.20799999999999999,-0.57799999999999996,-0.33600000000000002,-1.1899999999999999,34.719999999999999,-5.2599999999999998,0.16400000000000001,-0.312,-0.02,-0.40999999999999998,23.359999999999999,10.82,1.0
1.6299999999999999,1.0780000000000001,0.083000000000000004,-6.0499999999999998,35.600000000000001,21.829999999999998,1.9199999999999999,-1.746,-1.784,2.0,49.380000000000003,-3.0899999999999999,0.0,-0.58999999999999997,-0.59499999999999997,0.17999999999999999,37.880000000000003,13.210000000000001,-0.064000000000000001,-0.248,-0.0050000000000000001,1.27,23.670000000000002,34.079999999999998,1.0
2.4580000000000002,1.3859999999999999,-0.97599999999999998,-1.23,48.420000000000002,28.02,-0.66600000000000004,-0.95999999999999996,-1.232,2.1499999999999999,45.609999999999999,38.850000000000001,-0.19,-0.104,-0.14599999999999999,3.1400000000000001,34.890000000000001,50.090000000000003,-0.22700000000000001,0.035999999999999997,-0.02,4.0599999999999996,27.010000000000002,62.780000000000001,1.0
2.3969999999999998,2.621,-0.40200000000000002,-17.350000000000001,43.409999999999997,51.990000000000002,-1.5860000000000001,-0.079000000000000001,-1.7150000000000001,-5.4199999999999999,36.789999999999999,62.119999999999997,-0.40699999999999997,0.109,-0.11600000000000001,-3.21,27.739999999999998,80.409999999999997,-0.30099999999999999,0.249,0.062,-6.7199999999999998,21.579999999999998,96.709999999999994,1.0
-0.55500000000000005,2.5710000000000002,-1.0640000000000001,-4.5700000000000003,38.020000000000003,84.469999999999999,-1.2290000000000001,0.44900000000000001,-1.0609999999999999,-0.44,37.979999999999997,103.59,-0.46000000000000002,0.46700000000000003,-0.0080000000000000002,0.080000000000000002,30.550000000000001,120.0,-0.44400000000000001,0.45000000000000001,-0.073999999999999996,0.13,22.789999999999999,136.46000000000001,1.0
-1.8500000000000001,1.216,-0.73799999999999999,2.2599999999999998,45.640000000000001,143.87,-1.522,2.3570000000000002,-1.958,9.1600000000000001,42.799999999999997,156.69999999999999,-0.35899999999999999,0.42799999999999999,-0.081000000000000003,7.6200000000000001,31.870000000000001,169.50999999999999,-0.26700000000000002,0.41899999999999998,-0.023,6.1699999999999999,26.050000000000001,-179.31,1.0
-2.6779999999999999,1.8939999999999999,-0.312,-0.17999999999999999,35.280000000000001,146.63999999999999,-0.68799999999999994,1.3919999999999999,-0.97999999999999998,-5.5099999999999998,32.869999999999997,155.41,-0.217,0.14999999999999999,0.097000000000000003,-4.5,29.289999999999999,162.77000000000001,-0.17000000000000001,0.34000000000000002,-0.050999999999999997,-4.1799999999999997,25.620000000000001,172.38,1.0
1.766,0.55900000000000005,0.012,11.9,-0.71999999999999997,26.079999999999998,0.26200000000000001,0.24199999999999999,0.16800000000000001,11.99,-5.9699999999999998,46.759999999999998,0.0080000000000000002,-0.0030000000000000001,0.085000000000000006,11.789999999999999,-5.29,48.859999999999999,-0.094,-0.081000000000000003,0.055,11.33,-4.5899999999999999,49.079999999999998,1.0
1.504,1.4470000000000001,0.097000000000000003,7.54,1.8999999999999999,49.229999999999997,-0.77800000000000002,0.90400000000000003,0.074999999999999997,8.1400000000000006,-4.4199999999999999,83.480000000000004,0.23999999999999999,-0.070000000000000007,0.156,7.6500000000000004,-6.3300000000000001,95.810000000000002,0.083000000000000004,-0.058000000000000003,0.073999999999999996,7.3700000000000001,-6.2300000000000004,100.45,1.0
1.454,0.871,0.47499999999999998,13.27,-2.4100000000000001,89.049999999999997,-1.8300000000000001,1.6839999999999999,0.221,8.8699999999999992,-10.460000000000001,112.76000000000001,0.314,-0.33400000000000002,0.16200000000000001,6.6600000000000001,-12.69,137.49000000000001,0.26800000000000002,-0.28599999999999998,0.068000000000000005,6.79,-11.460000000000001,143.71000000000001,1.0
0.497,-1.1699999999999999,0.61499999999999999,16.73,-1.3400000000000001,149.16999999999999,-1.4470000000000001,1.0549999999999999,0.501,11.09,-17.18,-164.58000000000001,-0.23499999999999999,-0.67700000000000005,0.23499999999999999,6.9800000000000004,-16.989999999999998,-148.80000000000001,0.10299999999999999,0.0070000000000000001,0.014,6.6900000000000004,-15.07,-146.86000000000001,1.0
-1.516,-0.83099999999999996,0.14000000000000001,6.2800000000000002,-8.1500000000000004,-121.13,2.0539999999999998,-2.6230000000000002,0.31,5.0099999999999998,-15.52,-84.879999999999995,-0.99199999999999999,0.40200000000000002,0.28399999999999997,5.1799999999999997,-15.390000000000001,-77.170000000000002,-0.028000000000000001,0.031,0.067000000000000004,5.4400000000000004,-13.720000000000001,-78.680000000000007,1.0
-1.4890000000000001,-0.54400000000000004,-0.029000000000000001,-1.3899999999999999,-1.98,-109.19,0.45100000000000001,-1.105,-0.31,3.7999999999999998,-3.79,-113.47,-0.089999999999999997,-0.091999999999999998,0.19600000000000001,5.4299999999999997,-6.9100000000000001,-93.280000000000001,-0.155,0.040000000000000001,0.098000000000000004,6.5999999999999996,-7.3499999999999996,-84.269999999999996,1.0
-1.1439999999999999,-0.75600000000000001,0.191,2.6699999999999999,-2.6000000000000001,-73.980000000000004,0.95899999999999996,-0.98299999999999998,-0.042999999999999997,4.3200000000000003,-8.1099999999999994,-56.450000000000003,-0.041000000000000002,0.055,0.051999999999999998,3.6600000000000001,-9.7599999999999998,-40.229999999999997,-0.10199999999999999,0.13600000000000001,0.085999999999999993,3.8799999999999999,-10.130000000000001,-29.210000000000001,1.0
-0.050999999999999997,1.7569999999999999,-0.22,-0.33000000000000002,-13.460000000000001,1.6000000000000001,1.7749999999999999,-0.17299999999999999,0.41599999999999998,-2.0499999999999998,-12.5,16.93,0.27500000000000002,0.26100000000000001,0.029000000000000001,0.10000000000000001,-10.449999999999999,46.310000000000002,0.22800000000000001,0.13800000000000001,0.067000000000000004,2.96,-9.7799999999999994,53.969999999999999,1.0
1.51,-0.10100000000000001,0.189,8.4299999999999997,-11.640000000000001,88.280000000000001,-0.98199999999999998,1.972,0.44,5.4199999999999999,-13.300000000000001,98.480000000000004,0.20200000000000001,-0.187,0.043999999999999997,3.29,-13.16,132.28,0.41199999999999998,-0.47399999999999998,0.028000000000000001,2.5699999999999998,-11.630000000000001,146.28,1.0
1.5720000000000001,-0.091999999999999998,-0.035000000000000003,4.21,-5.9199999999999999,99.890000000000001,-1.724,1.706,-0.027,7.5199999999999996,-10.26,114.98,0.033000000000000002,-0.064000000000000001,0.12,7.29,-13.99,141.63999999999999,0.23400000000000001,-0.29899999999999999,0.112,7.0199999999999996,-15.140000000000001,150.06,1.0
-0.76900000000000002,1.2889999999999999,-0.16400000000000001,2.1000000000000001,0.75,113.84999999999999,-0.40999999999999998,0.41799999999999998,-0.13700000000000001,5.0099999999999998,-8.6300000000000008,142.90000000000001,0.17299999999999999,-0.30199999999999999,0.219,4.96,-10.300000000000001,154.12,0.048000000000000001,-0.064000000000000001,0.043999999999999997,4.8399999999999999,-11.31,158.31,1.0
-1.359,-0.79400000000000004,0.14599999999999999,7.2999999999999998,-5.4400000000000004,-178.75,-0.26000000000000001,0.314,-0.031,5.3700000000000001,-6.7999999999999998,-155.16999999999999,-0.123,-0.13600000000000001,0.11,5.9900000000000002,-8.0700000000000003,-139.36000000000001,-0.069000000000000006,-0.045999999999999999,0.083000000000000004,6.7999999999999998,-8.8800000000000008,-129.38999999999999,1.0
-1.806,-1.956,0.46800000000000003,3.4900000000000002,-9.8399999999999999,-107.95,0.51800000000000002,-0.71299999999999997,0.012999999999999999,-2.9700000000000002,-7.71,-69.859999999999999,-0.22900000000000001,0.19,0.062,-0.97999999999999998,-7.6399999999999997,-50.380000000000003,-0.16300000000000001,0.20200000000000001,0.070999999999999994,-1.0600000000000001,-7.6299999999999999,-38.119999999999997,1.0
1.472,0.42399999999999999,0.22900000000000001,7.6500000000000004,-5.1399999999999997,-9.9800000000000004,0.41299999999999998,0.059999999999999998,0.11899999999999999,1.5800000000000001,8.0,23.359999999999999,0.154,0.184,0.088999999999999996,2.9500000000000002,-8.9700000000000006,40.82,0.085000000000000006,0.060999999999999999,0.081000000000000003,4.1100000000000003,-8.8800000000000008,51.159999999999997,1.0
1.0740000000000001,2.1469999999999998,0.372,9.4800000000000004,-10.109999999999999,77.890000000000001,-0.44900000000000001,0.45900000000000002,0.029000000000000001,3.98,-10.6,111.09,0.191,-0.20899999999999999,0.11899999999999999,4.1500000000000004,-13.58,138.53,0.13800000000000001,-0.20799999999999999,0.051999999999999998,5.5300000000000002,-15.869999999999999,151.44,1.0
-1.8580000000000001,1.8839999999999999,0.087999999999999995,8.9299999999999997,-7.0499999999999998,132.11000000000001,-0.13200000000000001,0.0080000000000000002,0.058999999999999997,7.5199999999999996,-9.8100000000000005,165.00999999999999,0.056000000000000001,-0.34499999999999997,0.122,7.4500000000000002,9.0,178.40000000000001,0.031,-0.108,0.050000000000000003,8.0299999999999994,-8.9199999999999999,176.0,1.0
-1.921,1.9350000000000001,0.115,7.0899999999999999,-6.6900000000000004,134.52000000000001,-0.14099999999999999,-0.126,0.0050000000000000001,7.7999999999999998,-8.8399999999999999,170.66,0.017999999999999999,-0.22800000000000001,0.14099999999999999,8.5899999999999999,-11.35,-172.34,0.049000000000000002,-0.037999999999999999,0.064000000000000001,9.4199999999999999,-13.42,-164.22,1.0
-1.163,1.1299999999999999,-0.012999999999999999,7.2400000000000002,1.5700000000000001,136.05000000000001,-0.39900000000000002,0.38100000000000001,-0.037999999999999999,9.2100000000000009,-1.9299999999999999,159.16,0.0030000000000000001,-0.121,0.085000000000000006,10.050000000000001,-6.2000000000000002,176.53,0.014999999999999999,-0.099000000000000005,0.106,8.2200000000000006,-7.7800000000000002,-172.37,1.0
-1.571,0.071999999999999995,0.25700000000000001,12.93,-13.02,-167.55000000000001,-0.031,-0.014999999999999999,0.017999999999999999,7.7800000000000002,-12.33,-143.16999999999999,-0.088999999999999996,-0.045999999999999999,0.070999999999999994,7.6200000000000001,-12.529999999999999,-127.87,-0.113,-0.002,0.081000000000000003,6.1699999999999999,-12.44,-115.39,1.0
-1.0580000000000001,-1.462,0.39200000000000002,11.94,-11.25,-114.95,0.33500000000000002,-0.53300000000000003,0.126,2.4900000000000002,-11.83,-79.459999999999994,-0.37,0.27500000000000002,0.051999999999999998,1.52,-11.890000000000001,-60.130000000000003,-0.32600000000000001,0.29899999999999999,0.045999999999999999,1.6000000000000001,-12.08,-51.770000000000003,1.0
0.29799999999999999,1.3520000000000001,0.314,9.2100000000000009,-6.9900000000000002,12.19,1.226,-0.17399999999999999,0.19700000000000001,7.0199999999999996,-9.6199999999999992,24.149999999999999,0.23599999999999999,0.17100000000000001,0.025999999999999999,3.9100000000000001,-10.84,56.670000000000002,0.33600000000000002,0.021999999999999999,0.10199999999999999,4.5,-11.380000000000001,70.590000000000003,1.0
1.395,1.413,0.38,17.969999999999999,-11.42,39.840000000000003,-0.66400000000000003,0.38900000000000001,0.192,10.529999999999999,-13.08,65.629999999999995,0.31,0.014,0.11899999999999999,6.2999999999999998,-13.69,99.469999999999999,0.39400000000000002,-0.20200000000000001,0.075999999999999998,4.8200000000000003,-12.41,113.13,1.0
1.53,1.5900000000000001,0.19500000000000001,11.74,-5.1299999999999999,41.740000000000002,-0.65700000000000003,0.86499999999999999,0.0089999999999999993,13.35,-6.3399999999999999,69.060000000000002,0.189,0.051999999999999998,0.10299999999999999,11.699999999999999,-9.3499999999999996,100.61,0.252,-0.13200000000000001,0.10199999999999999,10.880000000000001,-10.640000000000001,115.55,1.0
-0.014999999999999999,1.585,0.072999999999999995,12.720000000000001,-6.2599999999999998,99.239999999999995,-0.59099999999999997,0.57699999999999996,0.036999999999999998,10.49,-11.869999999999999,142.36000000000001,0.127,-0.44400000000000001,0.109,7.0300000000000002,-15.91,172.55000000000001,0.16800000000000001,-0.35899999999999999,0.040000000000000001,5.5599999999999996,-16.489999999999998,179.19999999999999,1.0
-1.427,-0.39100000000000001,0.67400000000000004,15.93,-16.969999999999999,-178.99000000000001,-0.20799999999999999,-0.16,0.155,-0.44,-14.76,-138.19999999999999,-0.42399999999999999,-0.126,0.016,-4.1100000000000003,-11.5,-114.53,-0.35699999999999998,0.02,0.023,-3.5099999999999998,-10.48,-104.55,1.0
0.70099999999999996,-1.748,0.48399999999999999,7.8799999999999999,-16.57,-80.930000000000007,0.021999999999999999,-0.024,0.063,-1.72,-15.32,-45.420000000000002,-0.36099999999999999,0.55800000000000005,0.064000000000000001,-3.2799999999999998,-10.960000000000001,-23.109999999999999,-0.253,0.377,0.0050000000000000001,-0.93000000000000005,-9.8900000000000006,-17.640000000000001,1.0
-1.4139999999999999,0.36399999999999999,0.214,10.029999999999999,1.4299999999999999,-76.299999999999997,2.1429999999999998,-2.181,-0.0050000000000000001,7.3700000000000001,-1.1000000000000001,-46.420000000000002,-0.14499999999999999,0.53500000000000003,0.13100000000000001,8.8499999999999996,-8.2899999999999991,-17.32,-0.13400000000000001,0.19500000000000001,0.107,8.9299999999999997,-8.3599999999999994,-11.41,1.0
0.97599999999999998,-1.2010000000000001,0.091999999999999998,15.58,-0.68000000000000005,-49.340000000000003,0.64400000000000002,-0.38600000000000001,-0.024,10.91,-7.0800000000000001,-3.29,0.0070000000000000001,0.27700000000000002,0.099000000000000005,8.1600000000000001,-11.300000000000001,23.73,-0.019,0.086999999999999994,0.064000000000000001,4.9000000000000004,-12.01,35.329999999999998,1.0
1.877,-0.84099999999999997,-0.083000000000000004,12.609999999999999,-0.22,-1.26,0.121,0.157,0.0030000000000000001,11.210000000000001,-6.7300000000000004,24.120000000000001,0.031,0.105,0.13700000000000001,11.039999999999999,-8.2799999999999994,34.140000000000001,-0.019,0.0040000000000000001,0.080000000000000002,10.41,-7.8600000000000003,37.25,1.0
1.4690000000000001,1.1120000000000001,0.41599999999999998,17.18,-6.1100000000000003,28.510000000000002,-0.25,-0.042999999999999997,0.012,13.51,-10.529999999999999,53.75,0.051999999999999998,-0.097000000000000003,0.11799999999999999,10.880000000000001,-11.82,69.540000000000006,0.063,-0.13200000000000001,0.063,8.2200000000000006,-11.32,79.680000000000007,1.0
1.8500000000000001,0.024,0.28799999999999998,10.41,-9.2100000000000009,92.980000000000004,-1.9279999999999999,2.141,0.33100000000000002,11.960000000000001,-11.19,109.98,0.26400000000000001,-0.26400000000000001,-0.051999999999999998,6.5999999999999996,-13.85,133.05000000000001,0.30499999999999999,-0.312,0.11700000000000001,4.6799999999999997,-13.050000000000001,144.93000000000001,1.0
-1.008,0.95499999999999996,0.0060000000000000001,13.82,-5.6900000000000004,115.93000000000001,0.13700000000000001,-0.13400000000000001,0.099000000000000005,12.630000000000001,-8.3300000000000001,132.16999999999999,0.127,-0.13500000000000001,0.099000000000000005,11.4,-8.8200000000000003,142.19,0.065000000000000002,-0.065000000000000002,0.048000000000000001,10.65,-8.9100000000000001,149.84,1.0
1.319,-0.22700000000000001,0.20599999999999999,10.82,-2.1099999999999999,108.01000000000001,-1.617,1.7390000000000001,0.0089999999999999993,11.960000000000001,-2.8700000000000001,111.70999999999999,-0.111,0.112,0.033000000000000002,11.109999999999999,-5.5599999999999996,134.25999999999999,0.096000000000000002,-0.155,0.099000000000000005,10.1,-5.04,147.75,1.0
1.29,0.182,0.189,5.8700000000000001,-3.8500000000000001,107.08,-1.7869999999999999,1.728,-0.078,8.8300000000000001,-5.9900000000000002,123.31999999999999,-0.016,-0.016,0.063,9.2400000000000002,-8.5,142.72,0.040000000000000001,-0.091999999999999998,0.088999999999999996,9.25,-11.69,156.49000000000001,1.0
-0.14599999999999999,-1.7529999999999999,-0.104,-3.6000000000000001,-8.0700000000000003,163.12,-1.5940000000000001,1.0820000000000001,-0.112,6.0499999999999998,-5.6299999999999999,177.90000000000001,-0.13400000000000001,0.0040000000000000001,0.076999999999999999,8.7799999999999994,-4.6699999999999999,-153.08000000000001,-0.14599999999999999,-0.14499999999999999,0.085999999999999993,10.1,-4.6100000000000003,-134.56,1.0
-1.2150000000000001,-1.976,0.33600000000000002,10.529999999999999,-4.7800000000000002,-103.7,0.753,-0.755,-0.14899999999999999,9.5800000000000001,-7.9900000000000002,-73.280000000000001,-0.14699999999999999,0.16800000000000001,0.089999999999999997,7.1699999999999999,-9.7799999999999994,-54.729999999999997,-0.16700000000000001,0.16200000000000001,0.125,4.3799999999999999,-9.7400000000000002,-38.479999999999997,1.0
1.0369999999999999,1.8620000000000001,0.12,-3.9100000000000001,-5.9199999999999999,13.82,0.41699999999999998,0.39100000000000001,-0.13900000000000001,2.7000000000000002,-1.0600000000000001,44.549999999999997,-0.025000000000000001,0.0040000000000000001,0.088999999999999996,3.9900000000000002,-4.1299999999999999,64.829999999999998,0.14099999999999999,0.023,0.098000000000000004,3.2000000000000002,-4.5099999999999998,78.5,1.0
1.4810000000000001,-0.26700000000000002,0.23999999999999999,5.4699999999999998,-7.25,99.200000000000003,-1.466,2.0579999999999998,-0.010999999999999999,4.3600000000000003,-5.0899999999999999,102.44,-0.019,0.025000000000000001,0.035000000000000003,5.25,-5.1600000000000001,124.12,0.11899999999999999,-0.122,0.081000000000000003,5.1600000000000001,-5.7800000000000002,137.36000000000001,1.0
-1.0009999999999999,0.95899999999999996,0.048000000000000001,3.8199999999999998,-8.9499999999999993,171.59999999999999,0.089999999999999997,-0.19400000000000001,0.115,3.1600000000000001,-10.23,-169.38,0.104,-0.099000000000000005,0.068000000000000005,2.75,-10.07,-159.75,0.094,-0.016,0.050000000000000003,2.9399999999999999,-9.8100000000000005,-157.21000000000001,1.0
-0.65000000000000002,-1.4319999999999999,0.40100000000000002,9.0600000000000005,-4.6299999999999999,-178.38999999999999,-0.63400000000000001,0.59799999999999998,0.036999999999999998,5.5999999999999996,-6.9500000000000002,-155.99000000000001,-0.047,-0.037999999999999999,0.107,2.02,-9.3699999999999992,-129.84999999999999,-0.183,0.014999999999999999,0.076999999999999999,0.39000000000000001,-9.3900000000000006,-115.42,1.0
-1.4319999999999999,-1.4330000000000001,0.378,11.050000000000001,-6.75,-134.97999999999999,0.379,-0.64400000000000002,0.019,5.3200000000000003,-10.630000000000001,-88.700000000000003,-0.46800000000000003,0.33700000000000002,0.091999999999999998,2.96,-11.17,-66.670000000000002,-0.41299999999999998,0.35599999999999998,0.014,4.4100000000000001,-9.8200000000000003,-75.019999999999996,1.0
0.184,-1.3899999999999999,-0.186,6.3399999999999999,2.9900000000000002,-107.77,-1.4330000000000001,-1.4810000000000001,0.075999999999999998,2.52,1.3200000000000001,-136.69,-0.056000000000000001,0.083000000000000004,0.079000000000000001,1.9399999999999999,-0.94999999999999996,-147.74000000000001,-0.16900000000000001,-0.096000000000000002,0.037999999999999999,0.96999999999999997,0.90000000000000002,-156.72999999999999,0.0
-1.4650000000000001,-0.46700000000000003,0.071999999999999995,-9.3300000000000001,1.8100000000000001,166.61000000000001,0.108,-0.188,0.20100000000000001,1.1499999999999999,-7.6699999999999999,141.13,-0.019,0.014999999999999999,0.085000000000000006,2.3300000000000001,-7.4699999999999998,132.50999999999999,0.072999999999999995,-0.068000000000000005,0.053999999999999999,4.3600000000000003,-6.5199999999999996,125.40000000000001,0.0
-1.252,1.016,0.22700000000000001,-1.6100000000000001,-3.8999999999999999,110.58,1.105,-0.107,0.255,1.47,-3.8900000000000001,116.75,0.13500000000000001,0.10199999999999999,0.152,4.1399999999999997,-5.3499999999999996,91.390000000000001,-0.187,0.050999999999999997,0.072999999999999995,5.7699999999999996,-5.4299999999999997,77.129999999999995,0.0
1.099,1.5740000000000001,0.14999999999999999,-3.0499999999999998,0.51000000000000001,83.379999999999995,0.45200000000000001,0.41499999999999998,0.074999999999999997,3.6800000000000002,-3.7599999999999998,51.82,-0.058000000000000003,-0.13800000000000001,0.088999999999999996,3.75,-5.5800000000000001,35.149999999999999,-0.0080000000000000002,-0.062,0.055,3.3399999999999999,-6.3600000000000003,25.350000000000001,0.0
1.1830000000000001,1.871,0.010999999999999999,-0.91000000000000003,-1.5700000000000001,14.869999999999999,0.13,-0.025000000000000001,0.040000000000000001,3.1600000000000001,-6.8099999999999996,-4.75,0.031,-0.10199999999999999,0.10299999999999999,3.3799999999999999,-7.2699999999999996,-14.210000000000001,0.019,-0.019,0.075999999999999998,3.4300000000000002,-7.0800000000000001,-23.98,0.0
1.5069999999999999,0.086999999999999994,0.27200000000000002,-7.5499999999999998,-0.83999999999999997,-4.8099999999999996,-0.27900000000000003,0.63300000000000001,0.057000000000000002,1.55,-4.4000000000000004,-29.050000000000001,0.17999999999999999,-0.17799999999999999,0.096000000000000002,2.46,-5.6900000000000004,-45.960000000000001,0.11,-0.089999999999999997,0.070000000000000007,2.71,-6.3099999999999996,-56.759999999999998,0.0
1.2709999999999999,-1.4650000000000001,0.20399999999999999,-0.92000000000000004,-3.7599999999999998,-17.829999999999998,0.22,1.5449999999999999,0.063,1.96,-6.5199999999999996,-11.24,0.073999999999999996,-0.017999999999999999,0.13200000000000001,4.9100000000000001,-7.0800000000000001,-36.5,0.218,-0.20999999999999999,0.045999999999999999,4.9299999999999997,-6.3499999999999996,-51.399999999999999,0.0
-2.6549999999999998,-2.2970000000000002,0.062,2.2400000000000002,2.21,-125.73999999999999,-0.20499999999999999,-0.074999999999999997,0.109,3.6099999999999999,0.91000000000000003,-143.47999999999999,-0.153,-0.032000000000000001,0.048000000000000001,1.2,0.75,-152.24000000000001,-0.11600000000000001,-0.070999999999999994,0.041000000000000002,1.1200000000000001,0.42999999999999999,-154.22999999999999,0.0
-1.1830000000000001,-1.4830000000000001,0.23400000000000001,7.4299999999999997,-6.5300000000000002,-148.18000000000001,-0.13300000000000001,-0.040000000000000001,0.13400000000000001,6.0300000000000002,-2.9100000000000001,-164.68000000000001,-0.20000000000000001,0.050000000000000003,0.047,3.6400000000000001,0.11,179.97,-0.16800000000000001,0.091999999999999998,0.012999999999999999,2.9399999999999999,0.29999999999999999,168.16999999999999,0.0
-1.5580000000000001,1.3939999999999999,0.217,2.21,-18.370000000000001,101.67,1.268,-0.069000000000000006,0.19,6.9699999999999998,-18.18,115.12,0.27900000000000003,0.19,0.058000000000000003,4.3300000000000001,-15.57,90.739999999999995,0.062,0.20300000000000001,0.042000000000000003,2.1400000000000001,-14.31,66.060000000000002,0.0
1.4059999999999999,1.127,0.51100000000000001,17.5,-22.870000000000001,65.129999999999995,-0.055,-0.055,0.085000000000000006,17.899999999999999,-19.800000000000001,49.289999999999999,0.034000000000000002,-0.084000000000000005,0.052999999999999999,15.59,-14.81,27.809999999999999,0.218,-0.16900000000000001,0.024,11.619999999999999,-10.93,6.7400000000000002,0.0
1.212,-1.524,-0.27100000000000002,16.809999999999999,-5.8700000000000001,-19.129999999999999,0.97499999999999998,1.04,0.41899999999999998,20.890000000000001,-11.960000000000001,-0.51000000000000001,0.30199999999999999,-0.13400000000000001,0.088999999999999996,16.670000000000002,-6.8700000000000001,-26.829999999999998,0.434,-0.434,-0.0089999999999999993,11.57,-5.5499999999999998,-42.68,0.0
1.109,-1.4690000000000001,0.071999999999999995,6.2800000000000002,-11.77,-17.539999999999999,1.504,1.528,0.153,7.25,-17.440000000000001,18.469999999999999,0.069000000000000006,0.23300000000000001,0.092999999999999999,7.5899999999999999,-16.16,3.5099999999999998,0.157,-0.065000000000000002,0.042000000000000003,4.9299999999999997,-15.609999999999999,-15.85,0.0
1.294,-0.67700000000000005,0.373,-5.0800000000000001,-23.34,-5.1200000000000001,-0.097000000000000003,1.0089999999999999,0.182,3.8900000000000001,-23.469999999999999,-15.41,0.108,-0.085000000000000006,0.058000000000000003,2.0299999999999998,-20.289999999999999,-35.170000000000002,0.18099999999999999,-0.193,0.044999999999999998,1.6000000000000001,-17.43,-52.909999999999997,0.0
1.2909999999999999,-1.4330000000000001,0.028000000000000001,8.7300000000000004,-13.33,-27.57,-0.0060000000000000001,1.071,0.127,10.369999999999999,-16.899999999999999,-17.190000000000001,-0.02,0.057000000000000002,0.10199999999999999,7.5,-16.07,-21.530000000000001,0.027,0.012999999999999999,0.065000000000000002,6.1500000000000004,-13.300000000000001,-30.789999999999999,0.0
1.3799999999999999,-1.3759999999999999,0.253,0.89000000000000001,-13.609999999999999,-23.489999999999998,0.218,1.0429999999999999,0.10100000000000001,5.5499999999999998,-16.010000000000002,-11.460000000000001,-0.035000000000000003,0.024,0.092999999999999999,4.4299999999999997,-14.92,-17.890000000000001,0.028000000000000001,0.0080000000000000002,0.063,3.98,-12.76,-32.340000000000003,0.0
1.367,-1.4419999999999999,0.214,-1.1899999999999999,-10.5,-26.25,-0.40600000000000003,1.0369999999999999,0.049000000000000002,3.0499999999999998,-11.369999999999999,-32.030000000000001,0.114,-0.13500000000000001,0.089999999999999997,2.8900000000000001,-11.699999999999999,-52.670000000000002,0.123,-0.11700000000000001,0.055,2.2599999999999998,-12.73,-67.349999999999994,0.0
1.024,-1.4279999999999999,-0.0050000000000000001,8.3900000000000006,-6.9900000000000002,-83.390000000000001,-1.0329999999999999,-0.251,0.188,10.83,-10.07,-85.989999999999995,0.027,-0.14799999999999999,0.084000000000000005,10.380000000000001,-8.25,-98.780000000000001,0.024,-0.11,0.059999999999999998,9.7599999999999998,-8.75,-113.09999999999999,0.0
0.95799999999999996,-1.073,0.043999999999999997,4.2599999999999998,-7.21,-86.780000000000001,-1.133,-0.28199999999999997,0.034000000000000002,3.9700000000000002,-7.7599999999999998,-86.950000000000003,0.028000000000000001,-0.069000000000000006,0.047,3.5699999999999998,-6.4100000000000001,-96.700000000000003,-0.027,-0.084000000000000005,0.045999999999999999,4.5499999999999998,-6.4400000000000004,-109.98999999999999,0.0
1.091,-0.80100000000000005,0.18099999999999999,1.1899999999999999,-10.380000000000001,-93.5,-1.504,-0.443,-0.012,1.8500000000000001,-12.08,-88.719999999999999,0.025999999999999999,-0.047,0.107,1.98,-12.52,-99.090000000000003,-0.0030000000000000001,-0.044999999999999998,0.056000000000000001,3.5,-12.890000000000001,-110.48999999999999,0.0
-1.1140000000000001,-0.68400000000000005,-0.012,3.8999999999999999,-10.43,-80.629999999999995,-0.24399999999999999,-0.113,0.083000000000000004,5.5499999999999998,-12.32,-99.030000000000001,0.021999999999999999,-0.045999999999999999,0.078,4.6699999999999999,-12.949999999999999,-114.03,0.025999999999999999,-0.01,0.050999999999999997,5.0899999999999999,-13.32,-125.16,0.0
-1.633,-0.023,0.13200000000000001,18.879999999999999,-7.1799999999999997,-168.74000000000001,-0.27900000000000003,-0.434,0.246,20.550000000000001,-7.6600000000000001,177.80000000000001,-0.30199999999999999,0.23899999999999999,0.0070000000000000001,14.9,-6.6100000000000003,165.19,-0.28399999999999997,0.22,0.028000000000000001,12.02,-5.9800000000000004,152.97999999999999,0.0
-1.7150000000000001,1.6339999999999999,-0.010999999999999999,14.92,8.0,156.0,-0.029999999999999999,-0.91900000000000004,0.28599999999999998,15.880000000000001,-7.6799999999999997,156.16,-0.26700000000000002,0.254,0.021999999999999999,11.57,-6.4500000000000002,143.65000000000001,-0.23699999999999999,0.25600000000000001,0.028000000000000001,8.1899999999999995,-5.0300000000000002,130.47999999999999,0.0
-1.3520000000000001,1.153,-0.021999999999999999,6.7599999999999998,-7.1100000000000003,113.59999999999999,0.31900000000000001,-0.154,0.20999999999999999,5.3200000000000003,-14.220000000000001,131.99000000000001,-0.072999999999999995,0.122,0.13800000000000001,5.9199999999999999,-13.56,116.52,-0.098000000000000004,0.182,0.063,3.7200000000000002,-11.57,100.48,0.0
0.36699999999999999,1.4430000000000001,0.47299999999999998,7.0499999999999998,-9.2899999999999991,73.859999999999999,0.52700000000000002,0.40100000000000002,0.052999999999999999,15.119999999999999,-10.49,61.780000000000001,-0.0030000000000000001,0.029999999999999999,0.086999999999999994,12.19,-9.4499999999999993,48.640000000000001,0.111,0.017999999999999999,0.040000000000000001,11.050000000000001,-8.6099999999999994,35.469999999999999,0.0
1.2949999999999999,1.585,0.26100000000000001,19.030000000000001,-4.04,22.280000000000001,0.26800000000000002,-0.023,0.050999999999999997,15.08,-2.9900000000000002,3.7599999999999998,0.313,-0.21199999999999999,0.021000000000000001,11.470000000000001,-4.5800000000000001,-9.1400000000000006,0.27500000000000002,-0.19500000000000001,0.033000000000000002,9.0800000000000001,-6.3399999999999999,-20.09,0.0
0.73899999999999999,1.1679999999999999,-0.070999999999999994,8.8599999999999994,-9.3200000000000003,24.0,0.114,-0.053999999999999999,0.050000000000000003,8.1999999999999993,-9.8800000000000008,9.9600000000000009,0.14899999999999999,-0.041000000000000002,0.087999999999999995,6.4299999999999997,-9.5099999999999998,-3.7999999999999998,0.14199999999999999,-0.096000000000000002,0.039,6.4199999999999999,-10.140000000000001,-15.539999999999999,0.0
1.6240000000000001,-1.383,0.14799999999999999,7.3899999999999997,-12.1,-14.94,0.031,0.86299999999999999,0.25600000000000001,15.33,-12.67,-19.859999999999999,0.14699999999999999,-0.183,0.055,12.109999999999999,-10.779999999999999,-27.010000000000002,0.11700000000000001,-0.099000000000000005,0.072999999999999995,9.6799999999999997,-8.3699999999999992,-39.25,0.0
1.02,-1.115,0.16,-1.4399999999999999,-9.1600000000000001,-35.869999999999997,0.64500000000000002,0.79000000000000004,0.10100000000000001,3.2599999999999998,-10.57,-10.57,0.014999999999999999,0.11700000000000001,0.065000000000000002,3.9399999999999999,-11.25,-22.859999999999999,0.099000000000000005,-0.088999999999999996,0.078,2.2599999999999998,-10.289999999999999,-39.100000000000001,0.0
1.3440000000000001,-1.1160000000000001,0.090999999999999998,5.3600000000000003,-14.65,-71.420000000000002,-0.67600000000000005,0.434,0.20100000000000001,2.6800000000000002,-13.73,-49.030000000000001,-0.02,-0.10199999999999999,0.085999999999999993,2.0099999999999998,-12.08,-66.719999999999999,0.066000000000000003,-0.11600000000000001,0.042999999999999997,3.5600000000000001,-10.960000000000001,-83.409999999999997,0.0
1.3140000000000001,-1.3300000000000001,0.17299999999999999,8.1500000000000004,-17.870000000000001,-50.240000000000002,-0.81000000000000005,0.52700000000000002,0.027,10.02,-16.77,-52.579999999999998,0.035999999999999997,-0.106,0.062,8.4700000000000006,-13.82,-69.019999999999996,0.035000000000000003,-0.066000000000000003,0.074999999999999997,9.75,-10.640000000000001,-85.459999999999994,0.0
1.5780000000000001,-1.3839999999999999,0.066000000000000003,9.2699999999999996,-13.140000000000001,-58.780000000000001,-1.325,0.50600000000000001,0.070999999999999994,8.6300000000000008,-12.31,-60.219999999999999,0.099000000000000005,-0.11700000000000001,0.025999999999999999,8.0700000000000003,-12.4,-71.609999999999999,0.014999999999999999,-0.039,0.071999999999999995,8.2699999999999996,-11.800000000000001,-83.230000000000004,0.0
-1.8999999999999999,1.355,-0.51900000000000002,15.65,5.7300000000000004,176.44999999999999,-0.83999999999999997,-1.6519999999999999,0.32300000000000001,18.870000000000001,7.1699999999999999,168.56,-0.374,0.253,-0.066000000000000003,11.359999999999999,4.6600000000000001,150.31,-0.28000000000000003,0.28399999999999997,0.039,5.6200000000000001,3.27,134.61000000000001,0.0
-0.97799999999999998,1.8580000000000001,-0.20200000000000001,14.94,5.3099999999999996,115.90000000000001,0.29499999999999998,0.20200000000000001,0.050999999999999997,16.539999999999999,4.2999999999999998,108.01000000000001,-0.13400000000000001,0.28299999999999997,-0.012,11.56,3.4199999999999999,99.159999999999997,0.012,0.30099999999999999,0.017999999999999999,8.3200000000000003,2.9199999999999999,86.109999999999999,0.0
1.337,1.419,0.32100000000000001,18.859999999999999,4.6600000000000001,38.390000000000001,0.27800000000000002,0.114,0.021999999999999999,12.35,7.1799999999999997,23.59,0.34499999999999997,0.045999999999999999,0.002,5.9299999999999997,7.8399999999999999,5.4900000000000002,0.29999999999999999,-0.049000000000000002,0.0060000000000000001,1.6000000000000001,7.0599999999999996,-10.460000000000001,0.0
-1.518,1.5229999999999999,-0.308,16.109999999999999,-1.9399999999999999,135.27000000000001,-0.79700000000000004,-0.55900000000000005,0.33900000000000002,17.649999999999999,-7.3399999999999999,157.18000000000001,-0.23999999999999999,0.19900000000000001,0.065000000000000002,11.32,-5.5899999999999999,150.49000000000001,-0.25600000000000001,0.252,0.029999999999999999,10.68,-2.2999999999999998,136.11000000000001,0.0
1.839,1.1739999999999999,0.097000000000000003,7.96,11.5,70.340000000000003,0.14099999999999999,0.14299999999999999,-0.095000000000000001,7.2599999999999998,9.6199999999999992,67.739999999999995,0.22700000000000001,0.23499999999999999,0.025000000000000001,6.3399999999999999,6.4400000000000004,53.520000000000003,0.126,0.10000000000000001,0.064000000000000001,5.8399999999999999,4.9100000000000001,42.090000000000003,0.0
1.802,1.778,0.159,13.609999999999999,-0.93999999999999995,48.600000000000001,0.23899999999999999,0.222,0.021999999999999999,12.18,-1.74,30.469999999999999,0.16600000000000001,-0.064000000000000001,0.051999999999999998,9.0199999999999996,-2.8900000000000001,16.260000000000002,0.156,-0.075999999999999998,0.067000000000000004,7.8799999999999999,-3.9100000000000001,6.46,0.0
1.181,0.81000000000000005,0.191,12.039999999999999,-0.17999999999999999,-0.13,-0.001,0.371,-0.014999999999999999,12.279999999999999,-0.65000000000000002,-14.390000000000001,0.255,-0.20499999999999999,0.052999999999999999,9.7300000000000004,-1.5900000000000001,-31.280000000000001,0.23400000000000001,-0.23000000000000001,0.071999999999999995,8.0700000000000003,-2.21,-43.549999999999997,0.0
1.3320000000000001,0.83699999999999997,-0.036999999999999998,2.3399999999999999,-2.1000000000000001,13.369999999999999,0.002,0.60799999999999998,-0.002,4.8499999999999996,-3.6099999999999999,1.6200000000000001,0.124,-0.081000000000000003,0.064000000000000001,3.3300000000000001,-5.3300000000000001,-8.0299999999999994,0.060999999999999999,-0.01,0.053999999999999999,3.8799999999999999,-6.5800000000000001,-21.460000000000001,0.0
0.98799999999999999,-0.92800000000000005,0.035999999999999997,4.5599999999999996,9.0,-50.149999999999999,0.57599999999999996,0.379,0.14999999999999999,6.4000000000000004,-10.81,-27.670000000000002,-0.014,0.035999999999999997,0.094,7.2400000000000002,-9.7100000000000009,-40.530000000000001,0.123,-0.126,0.045999999999999999,6.9900000000000002,-9.1899999999999995,-55.090000000000003,0.0
0.84599999999999997,-1.7070000000000001,0.23499999999999999,5.6200000000000001,-10.49,-85.530000000000001,-1.0649999999999999,0.105,0.216,10.630000000000001,-12.640000000000001,-80.849999999999994,0.031,-0.0050000000000000001,0.060999999999999999,8.6600000000000001,-11.369999999999999,-91.069999999999993,0.114,-0.042999999999999997,0.060999999999999999,6.6799999999999997,-10.460000000000001,-102.62,0.0
-1.323,-1.3149999999999999,0.218,3.0600000000000001,-10.210000000000001,-130.47999999999999,-0.096000000000000002,-0.104,-0.016,4.8600000000000003,-9.8300000000000001,-136.41999999999999,0.014,0.050999999999999997,0.056000000000000001,5.0800000000000001,-10.92,-148.30000000000001,-0.016,0.083000000000000004,0.079000000000000001,4.7400000000000002,-10.99,-161.19,0.0
-1.946,0.53300000000000003,0.029999999999999999,-0.059999999999999998,3.29,170.59999999999999,0.17100000000000001,-0.59699999999999998,0.125,5.21,2.1600000000000001,151.03999999999999,-0.126,0.12,0.0030000000000000001,3.21,1.01,136.63999999999999,-0.028000000000000001,0.079000000000000001,0.043999999999999997,1.74,-0.77000000000000002,119.13,0.0
0.048000000000000001,1.3959999999999999,0.22600000000000001,-3.3199999999999998,-5.1799999999999997,90.060000000000002,0.79800000000000004,0.42099999999999999,0.223,4.2000000000000002,-4.5199999999999996,69.519999999999996,-0.014,0.047,0.025999999999999999,2.0099999999999998,-3.3799999999999999,58.359999999999999,0.034000000000000002,0.042999999999999997,0.064000000000000001,1.6899999999999999,-2.5600000000000001,48.100000000000001,0.0
1.508,1.3620000000000001,0.044999999999999998,3.2200000000000002,-2.3500000000000001,31.210000000000001,0.221,0.33300000000000002,0.128,3.5600000000000001,-0.93000000000000005,19.620000000000001,0.151,0.041000000000000002,0.027,0.80000000000000004,-1.6599999999999999,5.9299999999999997,0.13100000000000001,-0.043999999999999997,0.058000000000000003,2.1800000000000002,-1.28,-6.5099999999999998,0.0
1.141,-0.95599999999999996,-0.058000000000000003,6.25,2.5299999999999998,-41.079999999999998,-0.45000000000000001,0.30599999999999999,0.067000000000000004,10.41,1.9199999999999999,-52.43,0.186,-0.214,0.045999999999999999,8.3000000000000007,1.22,-63.079999999999998,0.107,-0.184,0.066000000000000003,7.2400000000000002,0.69999999999999996,-71.939999999999998,0.0
1.3360000000000001,-1.3140000000000001,0.19,4.3600000000000003,-4.6900000000000004,-41.869999999999997,-0.61099999999999999,0.78500000000000003,0.029999999999999999,7.5499999999999998,-5.5300000000000002,-39.859999999999999,0.029999999999999999,-0.041000000000000002,0.079000000000000001,5.3399999999999999,-5.04,-49.780000000000001,0.042999999999999997,-0.076999999999999999,0.037999999999999999,6.3799999999999999,-4.3899999999999997,-62.289999999999999,0.0
1.127,-1.319,0.17699999999999999,4.54,-4.3399999999999999,-75.400000000000006,-1.1910000000000001,0.13,0.023,4.4100000000000001,-6.0999999999999996,-73.340000000000003,0.014999999999999999,-0.098000000000000004,0.073999999999999996,2.9300000000000002,-5.1900000000000004,-82.920000000000002,0.031,-0.115,0.065000000000000002,6.6799999999999997,-3.5699999999999998,-97.400000000000006,0.0
-1.2569999999999999,-1.1140000000000001,0.10199999999999999,9.0399999999999991,-8.3499999999999996,120.0,-0.155,-0.158,0.114,9.5800000000000001,-5.8200000000000003,-132.33000000000001,-0.063,0.01,0.031,7.8099999999999996,-4.4800000000000004,-143.77000000000001,-0.106,0.0089999999999999993,0.029999999999999999,8.1999999999999993,-4.0300000000000002,-156.12,0.0
-1.3919999999999999,0.22500000000000001,0.255,0.27000000000000002,-6.71,-177.59999999999999,-0.0089999999999999993,-0.91100000000000003,0.16300000000000001,3.8999999999999999,-6.46,171.94,-0.16400000000000001,0.16600000000000001,0.023,4.2800000000000002,-5.4699999999999998,158.68000000000001,-0.17299999999999999,0.17399999999999999,0.050999999999999997,7.6200000000000001,-5.1900000000000004,144.52000000000001,0.0
-1.01,0.92600000000000005,0.33600000000000002,-0.14999999999999999,-9.8699999999999992,168.75999999999999,-0.16500000000000001,-1.321,-0.019,2.2999999999999998,-10.99,174.59999999999999,-0.081000000000000003,-0.014999999999999999,0.071999999999999995,2.6499999999999999,-10.029999999999999,158.81999999999999,-0.112,0.10100000000000001,0.071999999999999995,2.8300000000000001,-9.5800000000000001,145.87,0.0
-0.97799999999999998,1.4910000000000001,0.23200000000000001,8.9100000000000001,-8.8599999999999994,113.77,0.79000000000000004,-0.112,0.16800000000000001,10.9,-6.1399999999999997,108.08,-0.21299999999999999,0.17999999999999999,0.042999999999999997,9.1699999999999999,-4.3099999999999996,97.409999999999997,-0.16600000000000001,0.16700000000000001,0.034000000000000002,8.8000000000000007,-3.25,87.239999999999995,0.0
-0.61299999999999999,1.212,0.13100000000000001,7.9100000000000001,-13.91,121.01000000000001,0.48499999999999999,-0.052999999999999999,0.126,9.3100000000000005,-14.42,104.98,-0.051999999999999998,0.095000000000000001,0.043999999999999997,8.0399999999999991,-13.48,90.900000000000006,-0.050000000000000003,0.064000000000000001,0.055,7.2199999999999998,-12.75,78.890000000000001,0.0
